year,metric,value,unit,label,source,locator,calculation_or_status,period_end
2023,revenue,574785,USD million,history,https://www.sec.gov/Archives/edgar/data/1018724/000101872424000008/amzn-20231231.htm,"Item 8, Consolidated Statements of Operations, p. 38; FY2023 column",Reported; unadjusted,2023-12-31
2023,cost_of_sales,304739,USD million,history,https://www.sec.gov/Archives/edgar/data/1018724/000101872424000008/amzn-20231231.htm,"Item 8, Consolidated Statements of Operations, p. 38; FY2023 column",Reported; unadjusted,2023-12-31
2023,sales_marketing,44370,USD million,history,https://www.sec.gov/Archives/edgar/data/1018724/000101872424000008/amzn-20231231.htm,"Item 8, Consolidated Statements of Operations, p. 38; FY2023 column",Reported; unadjusted,2023-12-31
2023,general_administrative,11816,USD million,history,https://www.sec.gov/Archives/edgar/data/1018724/000101872424000008/amzn-20231231.htm,"Item 8, Consolidated Statements of Operations, p. 38; FY2023 column",Reported; unadjusted,2023-12-31
2023,net_income,30425,USD million,history,https://www.sec.gov/Archives/edgar/data/1018724/000101872424000008/amzn-20231231.htm,"Item 8, Consolidated Statements of Operations, p. 38; FY2023 column",Reported; unadjusted,2023-12-31
2023,inventory,33318,USD million,history,https://www.sec.gov/Archives/edgar/data/1018724/000101872424000008/amzn-20231231.htm,"Item 8, Consolidated Balance Sheets, p. 40; December 31 2023 column",Reported; unadjusted,2023-12-31
2023,ppe,204177,USD million,history,https://www.sec.gov/Archives/edgar/data/1018724/000101872424000008/amzn-20231231.htm,"Item 8, Consolidated Balance Sheets, p. 40; December 31 2023 column",Reported; unadjusted,2023-12-31
2023,equity,201875,USD million,history,https://www.sec.gov/Archives/edgar/data/1018724/000101872424000008/amzn-20231231.htm,"Item 8, Consolidated Balance Sheets, p. 40; December 31 2023 column",Reported; unadjusted,2023-12-31
2023,ppe_depreciation,30225,USD million,history,https://www.sec.gov/Archives/edgar/data/1018724/000101872424000008/amzn-20231231.htm,"Item 8, Note 10 Segment Information, consolidated PP&E depreciation and amortization, p. 70",Reported; unadjusted,2023-12-31
2023,gross_cash_capex,52729,USD million,history,https://www.sec.gov/Archives/edgar/data/1018724/000101872424000008/amzn-20231231.htm,"Item 8, Consolidated Statements of Cash Flows, p. 37; FY2023 column",Reported; unadjusted,2023-12-31
2023,capex_proceeds_incentives,4596,USD million,history,https://www.sec.gov/Archives/edgar/data/1018724/000101872424000008/amzn-20231231.htm,"Item 8, Consolidated Statements of Cash Flows, p. 37; FY2023 column",Reported; unadjusted,2023-12-31
2023,pretax_income,37557,USD million,history,https://www.sec.gov/Archives/edgar/data/1018724/000101872424000008/amzn-20231231.htm,"Item 8, Consolidated Statements of Operations, p. 38; FY2023 column",Reported; unadjusted,2023-12-31
2023,income_tax,7120,USD million,history,https://www.sec.gov/Archives/edgar/data/1018724/000101872424000008/amzn-20231231.htm,"Item 8, Consolidated Statements of Operations, p. 38; FY2023 column",Reported; unadjusted,2023-12-31
2023,prior_revenue,513983,USD million,history,https://www.sec.gov/Archives/edgar/data/1018724/000101872424000008/amzn-20231231.htm,"Item 8, Consolidated Statements of Operations, p. 38; FY2022 comparative column",Reported; unadjusted,2023-12-31
2023,constant_currency_growth,12,percent,history,https://www.sec.gov/Archives/edgar/data/1018724/000101872424000008/amzn-20231231.htm,"Item 7, Results of Operations, Net Sales table and AWS discussion; rounded percentage, NOT organic growth",Reported; unadjusted,2023-12-31
2023,aws_reported_growth,13,percent,history,https://www.sec.gov/Archives/edgar/data/1018724/000101872424000008/amzn-20231231.htm,"Item 7, Results of Operations, Net Sales table and AWS discussion; rounded percentage, NOT organic growth",Reported; unadjusted,2023-12-31
2023,gross_profit,270046,USD million,history,https://www.sec.gov/Archives/edgar/data/1018724/000101872424000008/amzn-20231231.htm,Calculated from identified 2023 statement rows above,revenue - cost_of_sales,2023-12-31
2023,sga,56186,USD million,history,https://www.sec.gov/Archives/edgar/data/1018724/000101872424000008/amzn-20231231.htm,Calculated from identified 2023 statement rows above,sales_marketing + general_administrative,2023-12-31
2023,net_cash_capex,48133,USD million,history,https://www.sec.gov/Archives/edgar/data/1018724/000101872424000008/amzn-20231231.htm,Calculated from identified 2023 statement rows above,gross_cash_capex - capex_proceeds_incentives,2023-12-31
2023,gross_margin,0.46982088955000567,decimal ratio,history,https://www.sec.gov/Archives/edgar/data/1018724/000101872424000008/amzn-20231231.htm,Calculated from identified 2023 statement rows above,gross_profit / revenue,2023-12-31
2023,sga_gross_profit,0.20806084889241092,decimal ratio,history,https://www.sec.gov/Archives/edgar/data/1018724/000101872424000008/amzn-20231231.htm,Calculated from identified 2023 statement rows above,sga / gross_profit,2023-12-31
2023,inventory_days,39.9065101611543,days,history,https://www.sec.gov/Archives/edgar/data/1018724/000101872424000008/amzn-20231231.htm,Calculated from identified 2023 statement rows above,year-end inventory / cost_of_sales * 365,2023-12-31
2023,depreciation_ppe,0.14803332402768185,decimal ratio,history,https://www.sec.gov/Archives/edgar/data/1018724/000101872424000008/amzn-20231231.htm,Calculated from identified 2023 statement rows above,PP&E D&A / year-end net PP&E,2023-12-31
2023,effective_tax_rate,0.18957850733551668,decimal ratio,history,https://www.sec.gov/Archives/edgar/data/1018724/000101872424000008/amzn-20231231.htm,Calculated from identified 2023 statement rows above,income tax provision / pretax income,2023-12-31
2023,reported_growth,0.1182957412988368,decimal ratio,history,https://www.sec.gov/Archives/edgar/data/1018724/000101872424000008/amzn-20231231.htm,Calculated from identified 2023 statement rows above,revenue / prior-year revenue - 1,2023-12-31
2023,provider_capex,48133,USD million,history,https://www.marketbeat.com/stocks/NASDAQ/AMZN/financials/,Annual Financial Ratios; Capital Expenditures (CapEx); 2023 column,"Provider field matches NET purchases, not gross cash purchases",2023-12-31
2023,organic_growth,NOT DISCLOSED,not applicable,fact,https://www.sec.gov/Archives/edgar/data/1018724/000101872424000008/amzn-20231231.htm,"Item 7, Results of Operations, Net Sales; searched organic/comparable/same-store/unit sales",Constant currency is not acquisition-adjusted organic growth,2023-12-31
2024,revenue,637959,USD million,history,https://www.sec.gov/Archives/edgar/data/1018724/000101872425000004/amzn-20241231.htm,"Item 8, Consolidated Statements of Operations, p. 37; FY2024 column",Reported; unadjusted,2024-12-31
2024,cost_of_sales,326288,USD million,history,https://www.sec.gov/Archives/edgar/data/1018724/000101872425000004/amzn-20241231.htm,"Item 8, Consolidated Statements of Operations, p. 37; FY2024 column",Reported; unadjusted,2024-12-31
2024,sales_marketing,43907,USD million,history,https://www.sec.gov/Archives/edgar/data/1018724/000101872425000004/amzn-20241231.htm,"Item 8, Consolidated Statements of Operations, p. 37; FY2024 column",Reported; unadjusted,2024-12-31
2024,general_administrative,11359,USD million,history,https://www.sec.gov/Archives/edgar/data/1018724/000101872425000004/amzn-20241231.htm,"Item 8, Consolidated Statements of Operations, p. 37; FY2024 column",Reported; unadjusted,2024-12-31
2024,net_income,59248,USD million,history,https://www.sec.gov/Archives/edgar/data/1018724/000101872425000004/amzn-20241231.htm,"Item 8, Consolidated Statements of Operations, p. 37; FY2024 column",Reported; unadjusted,2024-12-31
2024,inventory,34214,USD million,history,https://www.sec.gov/Archives/edgar/data/1018724/000101872425000004/amzn-20241231.htm,"Item 8, Consolidated Balance Sheets, p. 39; December 31 2024 column",Reported; unadjusted,2024-12-31
2024,ppe,252665,USD million,history,https://www.sec.gov/Archives/edgar/data/1018724/000101872425000004/amzn-20241231.htm,"Item 8, Consolidated Balance Sheets, p. 39; December 31 2024 column",Reported; unadjusted,2024-12-31
2024,equity,285970,USD million,history,https://www.sec.gov/Archives/edgar/data/1018724/000101872425000004/amzn-20241231.htm,"Item 8, Consolidated Balance Sheets, p. 39; December 31 2024 column",Reported; unadjusted,2024-12-31
2024,ppe_depreciation,32067,USD million,history,https://www.sec.gov/Archives/edgar/data/1018724/000101872425000004/amzn-20241231.htm,"Item 8, Note 10 Segment Information, consolidated PP&E depreciation and amortization, p. 69",Reported; unadjusted,2024-12-31
2024,gross_cash_capex,82999,USD million,history,https://www.sec.gov/Archives/edgar/data/1018724/000101872425000004/amzn-20241231.htm,"Item 8, Consolidated Statements of Cash Flows, p. 36; FY2024 column",Reported; unadjusted,2024-12-31
2024,capex_proceeds_incentives,5341,USD million,history,https://www.sec.gov/Archives/edgar/data/1018724/000101872425000004/amzn-20241231.htm,"Item 8, Consolidated Statements of Cash Flows, p. 36; FY2024 column",Reported; unadjusted,2024-12-31
2024,pretax_income,68614,USD million,history,https://www.sec.gov/Archives/edgar/data/1018724/000101872425000004/amzn-20241231.htm,"Item 8, Consolidated Statements of Operations, p. 37; FY2024 column",Reported; unadjusted,2024-12-31
2024,income_tax,9265,USD million,history,https://www.sec.gov/Archives/edgar/data/1018724/000101872425000004/amzn-20241231.htm,"Item 8, Consolidated Statements of Operations, p. 37; FY2024 column",Reported; unadjusted,2024-12-31
2024,prior_revenue,574785,USD million,history,https://www.sec.gov/Archives/edgar/data/1018724/000101872425000004/amzn-20241231.htm,"Item 8, Consolidated Statements of Operations, p. 37; FY2023 comparative column",Reported; unadjusted,2024-12-31
2024,constant_currency_growth,11,percent,history,https://www.sec.gov/Archives/edgar/data/1018724/000101872425000004/amzn-20241231.htm,"Item 7, Results of Operations, Net Sales table and AWS discussion; rounded percentage, NOT organic growth",Reported; unadjusted,2024-12-31
2024,aws_reported_growth,19,percent,history,https://www.sec.gov/Archives/edgar/data/1018724/000101872425000004/amzn-20241231.htm,"Item 7, Results of Operations, Net Sales table and AWS discussion; rounded percentage, NOT organic growth",Reported; unadjusted,2024-12-31
2024,gross_profit,311671,USD million,history,https://www.sec.gov/Archives/edgar/data/1018724/000101872425000004/amzn-20241231.htm,Calculated from identified 2024 statement rows above,revenue - cost_of_sales,2024-12-31
2024,sga,55266,USD million,history,https://www.sec.gov/Archives/edgar/data/1018724/000101872425000004/amzn-20241231.htm,Calculated from identified 2024 statement rows above,sales_marketing + general_administrative,2024-12-31
2024,net_cash_capex,77658,USD million,history,https://www.sec.gov/Archives/edgar/data/1018724/000101872425000004/amzn-20241231.htm,Calculated from identified 2024 statement rows above,gross_cash_capex - capex_proceeds_incentives,2024-12-31
2024,gross_margin,0.48854393464156787,decimal ratio,history,https://www.sec.gov/Archives/edgar/data/1018724/000101872425000004/amzn-20241231.htm,Calculated from identified 2024 statement rows above,gross_profit / revenue,2024-12-31
2024,sga_gross_profit,0.17732159873712985,decimal ratio,history,https://www.sec.gov/Archives/edgar/data/1018724/000101872425000004/amzn-20241231.htm,Calculated from identified 2024 statement rows above,sga / gross_profit,2024-12-31
2024,inventory_days,38.27327391752072,days,history,https://www.sec.gov/Archives/edgar/data/1018724/000101872425000004/amzn-20241231.htm,Calculated from identified 2024 statement rows above,year-end inventory / cost_of_sales * 365,2024-12-31
2024,depreciation_ppe,0.12691508519185482,decimal ratio,history,https://www.sec.gov/Archives/edgar/data/1018724/000101872425000004/amzn-20241231.htm,Calculated from identified 2024 statement rows above,PP&E D&A / year-end net PP&E,2024-12-31
2024,effective_tax_rate,0.13503075174162707,decimal ratio,history,https://www.sec.gov/Archives/edgar/data/1018724/000101872425000004/amzn-20241231.htm,Calculated from identified 2024 statement rows above,income tax provision / pretax income,2024-12-31
2024,reported_growth,0.1099089224666614,decimal ratio,history,https://www.sec.gov/Archives/edgar/data/1018724/000101872425000004/amzn-20241231.htm,Calculated from identified 2024 statement rows above,revenue / prior-year revenue - 1,2024-12-31
2024,provider_capex,77658,USD million,history,https://www.marketbeat.com/stocks/NASDAQ/AMZN/financials/,Annual Financial Ratios; Capital Expenditures (CapEx); 2024 column,"Provider field matches NET purchases, not gross cash purchases",2024-12-31
2024,organic_growth,NOT DISCLOSED,not applicable,fact,https://www.sec.gov/Archives/edgar/data/1018724/000101872425000004/amzn-20241231.htm,"Item 7, Results of Operations, Net Sales; searched organic/comparable/same-store/unit sales",Constant currency is not acquisition-adjusted organic growth,2024-12-31
2025,revenue,716924,USD million,history,https://www.sec.gov/Archives/edgar/data/1018724/000101872426000004/amzn-20251231.htm,"Item 8, Consolidated Statements of Operations, p. 37; FY2025 column",Reported; unadjusted,2025-12-31
2025,cost_of_sales,356414,USD million,history,https://www.sec.gov/Archives/edgar/data/1018724/000101872426000004/amzn-20251231.htm,"Item 8, Consolidated Statements of Operations, p. 37; FY2025 column",Reported; unadjusted,2025-12-31
2025,sales_marketing,47129,USD million,history,https://www.sec.gov/Archives/edgar/data/1018724/000101872426000004/amzn-20251231.htm,"Item 8, Consolidated Statements of Operations, p. 37; FY2025 column",Reported; unadjusted,2025-12-31
2025,general_administrative,11172,USD million,history,https://www.sec.gov/Archives/edgar/data/1018724/000101872426000004/amzn-20251231.htm,"Item 8, Consolidated Statements of Operations, p. 37; FY2025 column",Reported; unadjusted,2025-12-31
2025,net_income,77670,USD million,history,https://www.sec.gov/Archives/edgar/data/1018724/000101872426000004/amzn-20251231.htm,"Item 8, Consolidated Statements of Operations, p. 37; FY2025 column",Reported; unadjusted,2025-12-31
2025,inventory,38325,USD million,history,https://www.sec.gov/Archives/edgar/data/1018724/000101872426000004/amzn-20251231.htm,"Item 8, Consolidated Balance Sheets, p. 39; December 31 2025 column",Reported; unadjusted,2025-12-31
2025,ppe,357025,USD million,history,https://www.sec.gov/Archives/edgar/data/1018724/000101872426000004/amzn-20251231.htm,"Item 8, Consolidated Balance Sheets, p. 39; December 31 2025 column",Reported; unadjusted,2025-12-31
2025,equity,411065,USD million,history,https://www.sec.gov/Archives/edgar/data/1018724/000101872426000004/amzn-20251231.htm,"Item 8, Consolidated Balance Sheets, p. 39; December 31 2025 column",Reported; unadjusted,2025-12-31
2025,ppe_depreciation,41860,USD million,history,https://www.sec.gov/Archives/edgar/data/1018724/000101872426000004/amzn-20251231.htm,"Item 8, Note 10 Segment Information, consolidated PP&E depreciation and amortization, p. 71",Reported; unadjusted,2025-12-31
2025,gross_cash_capex,131819,USD million,history,https://www.sec.gov/Archives/edgar/data/1018724/000101872426000004/amzn-20251231.htm,"Item 8, Consolidated Statements of Cash Flows, p. 36; FY2025 column",Reported; unadjusted,2025-12-31
2025,capex_proceeds_incentives,3499,USD million,history,https://www.sec.gov/Archives/edgar/data/1018724/000101872426000004/amzn-20251231.htm,"Item 8, Consolidated Statements of Cash Flows, p. 36; FY2025 column",Reported; unadjusted,2025-12-31
2025,pretax_income,97311,USD million,history,https://www.sec.gov/Archives/edgar/data/1018724/000101872426000004/amzn-20251231.htm,"Item 8, Consolidated Statements of Operations, p. 37; FY2025 column",Reported; unadjusted,2025-12-31
2025,income_tax,19087,USD million,history,https://www.sec.gov/Archives/edgar/data/1018724/000101872426000004/amzn-20251231.htm,"Item 8, Consolidated Statements of Operations, p. 37; FY2025 column",Reported; unadjusted,2025-12-31
2025,prior_revenue,637959,USD million,history,https://www.sec.gov/Archives/edgar/data/1018724/000101872426000004/amzn-20251231.htm,"Item 8, Consolidated Statements of Operations, p. 37; FY2024 comparative column",Reported; unadjusted,2025-12-31
2025,constant_currency_growth,12,percent,history,https://www.sec.gov/Archives/edgar/data/1018724/000101872426000004/amzn-20251231.htm,"Item 7, Results of Operations, Net Sales table and AWS discussion; rounded percentage, NOT organic growth",Reported; unadjusted,2025-12-31
2025,aws_reported_growth,20,percent,history,https://www.sec.gov/Archives/edgar/data/1018724/000101872426000004/amzn-20251231.htm,"Item 7, Results of Operations, Net Sales table and AWS discussion; rounded percentage, NOT organic growth",Reported; unadjusted,2025-12-31
2025,gross_profit,360510,USD million,history,https://www.sec.gov/Archives/edgar/data/1018724/000101872426000004/amzn-20251231.htm,Calculated from identified 2025 statement rows above,revenue - cost_of_sales,2025-12-31
2025,sga,58301,USD million,history,https://www.sec.gov/Archives/edgar/data/1018724/000101872426000004/amzn-20251231.htm,Calculated from identified 2025 statement rows above,sales_marketing + general_administrative,2025-12-31
2025,net_cash_capex,128320,USD million,history,https://www.sec.gov/Archives/edgar/data/1018724/000101872426000004/amzn-20251231.htm,Calculated from identified 2025 statement rows above,gross_cash_capex - capex_proceeds_incentives,2025-12-31
2025,gross_margin,0.5028566486824266,decimal ratio,history,https://www.sec.gov/Archives/edgar/data/1018724/000101872426000004/amzn-20251231.htm,Calculated from identified 2025 statement rows above,gross_profit / revenue,2025-12-31
2025,sga_gross_profit,0.16171812155002635,decimal ratio,history,https://www.sec.gov/Archives/edgar/data/1018724/000101872426000004/amzn-20251231.htm,Calculated from identified 2025 statement rows above,sga / gross_profit,2025-12-31
2025,inventory_days,39.24824782415954,days,history,https://www.sec.gov/Archives/edgar/data/1018724/000101872426000004/amzn-20251231.htm,Calculated from identified 2025 statement rows above,year-end inventory / cost_of_sales * 365,2025-12-31
2025,depreciation_ppe,0.1172466914081647,decimal ratio,history,https://www.sec.gov/Archives/edgar/data/1018724/000101872426000004/amzn-20251231.htm,Calculated from identified 2025 statement rows above,PP&E D&A / year-end net PP&E,2025-12-31
2025,effective_tax_rate,0.19614432078593375,decimal ratio,history,https://www.sec.gov/Archives/edgar/data/1018724/000101872426000004/amzn-20251231.htm,Calculated from identified 2025 statement rows above,income tax provision / pretax income,2025-12-31
2025,reported_growth,0.12377754683294695,decimal ratio,history,https://www.sec.gov/Archives/edgar/data/1018724/000101872426000004/amzn-20251231.htm,Calculated from identified 2025 statement rows above,revenue / prior-year revenue - 1,2025-12-31
2025,provider_capex,128320,USD million,history,https://www.marketbeat.com/stocks/NASDAQ/AMZN/financials/,Annual Financial Ratios; Capital Expenditures (CapEx); 2025 column,"Provider field matches NET purchases, not gross cash purchases",2025-12-31
2025,organic_growth,NOT DISCLOSED,not applicable,fact,https://www.sec.gov/Archives/edgar/data/1018724/000101872426000004/amzn-20251231.htm,"Item 7, Results of Operations, Net Sales; searched organic/comparable/same-store/unit sales",Constant currency is not acquisition-adjusted organic growth,2025-12-31
