Assumption,Value,Label,Reason,Exact source or calculation
opening_revenue,716924,history,"Audited FY2025 opening balance; reported statement line, not a balancing plug","https://www.sec.gov/Archives/edgar/data/1018724/000101872426000004/amzn-20251231.htm | Item 8 pp37,39; Consolidated Balance Sheets (revenue: Operations)"
opening_cash,86810,history,"Audited FY2025 opening balance; reported statement line, not a balancing plug","https://www.sec.gov/Archives/edgar/data/1018724/000101872426000004/amzn-20251231.htm | Item 8 pp37,39; Consolidated Balance Sheets (revenue: Operations)"
opening_securities,36219,history,"Audited FY2025 opening balance; reported statement line, not a balancing plug","https://www.sec.gov/Archives/edgar/data/1018724/000101872426000004/amzn-20251231.htm | Item 8 pp37,39; Consolidated Balance Sheets (revenue: Operations)"
opening_inventory,38325,history,"Audited FY2025 opening balance; reported statement line, not a balancing plug","https://www.sec.gov/Archives/edgar/data/1018724/000101872426000004/amzn-20251231.htm | Item 8 pp37,39; Consolidated Balance Sheets (revenue: Operations)"
opening_receivables,67729,history,"Audited FY2025 opening balance; reported statement line, not a balancing plug","https://www.sec.gov/Archives/edgar/data/1018724/000101872426000004/amzn-20251231.htm | Item 8 pp37,39; Consolidated Balance Sheets (revenue: Operations)"
opening_ppe,357025,history,"Audited FY2025 opening balance; reported statement line, not a balancing plug","https://www.sec.gov/Archives/edgar/data/1018724/000101872426000004/amzn-20251231.htm | Item 8 pp37,39; Consolidated Balance Sheets (revenue: Operations)"
opening_operating_rou,86054,history,"Audited FY2025 opening balance; reported statement line, not a balancing plug","https://www.sec.gov/Archives/edgar/data/1018724/000101872426000004/amzn-20251231.htm | Item 8 pp37,39; Consolidated Balance Sheets (revenue: Operations)"
opening_goodwill,23273,history,"Audited FY2025 opening balance; reported statement line, not a balancing plug","https://www.sec.gov/Archives/edgar/data/1018724/000101872426000004/amzn-20251231.htm | Item 8 pp37,39; Consolidated Balance Sheets (revenue: Operations)"
opening_other_assets,122607,history,"Audited FY2025 opening balance; reported statement line, not a balancing plug","https://www.sec.gov/Archives/edgar/data/1018724/000101872426000004/amzn-20251231.htm | Item 8 pp37,39; Consolidated Balance Sheets (revenue: Operations)"
opening_trade_payables,94909,history,Audited FY2025 opening balance; 121909 total AP - 27000 capital AP (Note 3; reported $27.0bn rounded),"https://www.sec.gov/Archives/edgar/data/1018724/000101872426000004/amzn-20251231.htm | Item 8 pp37,39; 121909 total AP - 27000 capital AP (Note 3; reported $27.0bn rounded)"
opening_capex_payables,27000,history,"Audited FY2025 opening balance; Note 3 p54: $27.0bn capital AP, reported rounded","https://www.sec.gov/Archives/edgar/data/1018724/000101872426000004/amzn-20251231.htm | Item 8 pp37,39; Note 3 p54: $27.0bn capital AP, reported rounded"
opening_operating_accruals,57760,history,Audited FY2025 opening balance; 75520 accrued - 14199 current leases - 2748 current debt - 455 short debt - 358 financing obligations,"https://www.sec.gov/Archives/edgar/data/1018724/000101872426000004/amzn-20251231.htm | Item 8 pp37,39; 75520 accrued - 14199 current leases - 2748 current debt - 455 short debt - 358 financing obligations"
opening_unearned,20576,history,"Audited FY2025 opening balance; reported statement line, not a balancing plug","https://www.sec.gov/Archives/edgar/data/1018724/000101872426000004/amzn-20251231.htm | Item 8 pp37,39; Consolidated Balance Sheets (revenue: Operations)"
opening_operating_lease,89252,history,"Audited FY2025 opening balance; Note 4 p55: 89252 present value, current plus long term","https://www.sec.gov/Archives/edgar/data/1018724/000101872426000004/amzn-20251231.htm | Item 8 pp37,39; Note 4 p55: 89252 present value, current plus long term"
opening_finance_lease,12286,history,"Audited FY2025 opening balance; Note 4 p55: 12286 present value, current plus long term","https://www.sec.gov/Archives/edgar/data/1018724/000101872426000004/amzn-20251231.htm | Item 8 pp37,39; Note 4 p55: 12286 present value, current plus long term"
opening_financing_obligation,8158,history,Audited FY2025 opening balance; Note 7 p59: 358 current + 7800 long-term (latter reported $7.8bn rounded),"https://www.sec.gov/Archives/edgar/data/1018724/000101872426000004/amzn-20251231.htm | Item 8 pp37,39; Note 7 p59: 358 current + 7800 long-term (latter reported $7.8bn rounded)"
opening_debt,68851,history,Audited FY2025 opening balance; Note 6 pp58-59: 65648 long-term + 2748 current + 455 short-term; carrying values,"https://www.sec.gov/Archives/edgar/data/1018724/000101872426000004/amzn-20251231.htm | Item 8 pp37,39; Note 6 pp58-59: 65648 long-term + 2748 current + 455 short-term; carrying values"
opening_other_liabilities,28185,history,Audited FY2025 opening balance; 35985 other long-term liabilities - 7800 financing obligations,"https://www.sec.gov/Archives/edgar/data/1018724/000101872426000004/amzn-20251231.htm | Item 8 pp37,39; 35985 other long-term liabilities - 7800 financing obligations"
opening_equity,411065,history,"Audited FY2025 opening balance; reported statement line, not a balancing plug","https://www.sec.gov/Archives/edgar/data/1018724/000101872426000004/amzn-20251231.htm | Item 8 pp37,39; Consolidated Balance Sheets (revenue: Operations)"
opening_revolver,0,history,Audited FY2025 opening balance; Note 6 p59: zero draw under $15bn committed revolver,"https://www.sec.gov/Archives/edgar/data/1018724/000101872426000004/amzn-20251231.htm | Item 8 pp37,39; Note 6 p59: zero draw under $15bn committed revolver"
growth,"[0.16, 0.14, 0.12, 0.1, 0.08]",judgment,"Moderate the H1 2026 18% reported growth toward 8% as Amazon gets larger; AWS strength supports growth above 2025 early in the forecast, not forever.","https://www.sec.gov/Archives/edgar/data/1018724/000101872426000026/amzn-20260630.htm | Item 2 Net Sales: H1 2026 18%, AWS 33%; 2025 Item 7 12% consolidated"
gross_margin,"[0.51, 0.52, 0.53, 0.535, 0.54]",judgment,"Service and AWS mix can lift the 2025 50.29% margin gradually; this is a cost-of-sales margin, not an AWS margin.",https://www.sec.gov/Archives/edgar/data/1018724/000101872426000004/amzn-20251231.htm | p37: (716924-356414)/716924; Item 7 Net Sales
sga_to_gp,"[0.16, 0.158, 0.156, 0.154, 0.152]",judgment,Small scale efficiencies from 2025 16.17% of gross profit; retain substantial marketing and corporate costs.,https://www.sec.gov/Archives/edgar/data/1018724/000101872426000004/amzn-20251231.htm | p37: (47129+11172)/(716924-356414)
other_cost_ratio,0.23205807031149744,judgment,"Hold the 2025 consolidated residual cost ratio; remove PPE D&A and fixed operating lease cost here before adding their explicit schedules, avoiding double counting. No claimed functional allocation.","https://www.sec.gov/Archives/edgar/data/1018724/000101872426000004/amzn-20251231.htm | pp37,55,71: (fulfillment + technology + other operating - PPE D&A - fixed operating lease cost)/revenue"
depreciation_rate,0.15,judgment,"Use 15% of opening net PPE: above FY2025 11.72%, close to annualized H1 2026 D&A/opening PPE of 14.96%, recognizing new infrastructure entering service. This composite rate is not a claimed server useful life.",https://www.sec.gov/Archives/edgar/data/1018724/000101872426000026/amzn-20260630.htm | Note 8 Segment Information: H1 PPE D&A26703; 2*26703/357025 = 14.96%; FY2025 Note 10 p71
capex_2026_guidance,220000,guidance,"Latest management cash-capex outlook; replaces earlier $200bn. A third-party transcript of management remarks, cross-checked against AP reporting.",https://earningscalls.dev/transcripts/amazon-com-inc_amzn_earnings_call_transcript_2026-07-30 | July 30 2026 Andy Jassy cash-capex remarks; https://apnews.com/article/b4ce02b4666a35b8975823c5c22072ee
capex_later,"[230000, 220000, 210000, 200000]",judgment,"Keep spending elevated in 2027 then reduce slowly as installed capacity monetizes. This is the main uncertain judgment, not management guidance for 2027-30.",https://earningscalls.dev/transcripts/amazon-com-inc_amzn_earnings_call_transcript_2026-07-30 | management describes capacity constraints into 2027; latest 10-Q Item 2 cash capex H1 96310 = 98411 - 2101
tax_rate,0.22,judgment,"Above 2025 19.61% and the unusually low 2024 rate; a normalized provision and cash-tax approximation, not a forecast of tax benefits from investment gains.","https://www.sec.gov/Archives/edgar/data/1018724/000101872426000004/amzn-20251231.htm | pp37,63-66 Note 9; 19087/97311"
inventory_days,39.24824782415954,judgment,Hold the latest inventory-days efficiency; no dealer floor-plan funding.,"https://www.sec.gov/Archives/edgar/data/1018724/000101872426000004/amzn-20251231.htm | pp37,39: 38325/356414*365"
receivables_ratio,0.09447165947855003,judgment,Hold receivables and other current assets at the FY2025 revenue ratio; simplifies restricted cash and prepaid subaccounts.,"https://www.sec.gov/Archives/edgar/data/1018724/000101872426000004/amzn-20251231.htm | pp37,39: 67729/716924"
trade_payable_ratio,0.26628864186030854,judgment,Hold operating supplier funding relative to cost of sales; remove unpaid capital equipment from trade AP first.,"https://www.sec.gov/Archives/edgar/data/1018724/000101872426000004/amzn-20251231.htm | pp37,39,54: (121909-27000)/356414"
accrual_ratio,0.08056641987156239,judgment,"Hold non-debt, non-lease operating accruals relative to sales after separating financing balances.","https://www.sec.gov/Archives/edgar/data/1018724/000101872426000004/amzn-20251231.htm | p39 and Notes 4,6,7; 57760/716924"
unearned_ratio,0.02870039223125464,judgment,Hold current customer prepayments as a share of revenue; this reflects Prime/AWS prepayments without guessing bookings conversion.,https://www.sec.gov/Archives/edgar/data/1018724/000101872426000004/amzn-20251231.htm | p39 and Note 1 Unearned Revenue
capex_payable_ratio,0.21041147132169577,judgment,Hold capital suppliers payable relative to NET cash capex. PPE additions include the change; CFO excludes this non-operating payable.,https://www.sec.gov/Archives/edgar/data/1018724/000101872426000004/amzn-20251231.htm | Note 3 p54; p36 net cash capex = 131819-3499
finance_lease_addition,2911,judgment,Hold annual new finance-lease equipment near FY2025; Amazon still buys most infrastructure for cash.,https://www.sec.gov/Archives/edgar/data/1018724/000101872426000004/amzn-20251231.htm | Note 1 Supplemental Cash Flow Information: 2911
finance_lease_principal_rate,0.12567149601172065,judgment,Use opening current finance-lease principal / total liability as annual paydown rate; a simplified amortization schedule.,https://www.sec.gov/Archives/edgar/data/1018724/000101872426000004/amzn-20251231.htm | Note 4 p55: 1544/12286
finance_lease_rate,0.034,history,FY2025 weighted-average finance-lease discount rate; applied to opening forecast liability.,https://www.sec.gov/Archives/edgar/data/1018724/000101872426000004/amzn-20251231.htm | Note 4 p55
operating_lease_rate,0.037,history,FY2025 weighted-average operating-lease discount rate used for simplified liability accretion.,https://www.sec.gov/Archives/edgar/data/1018724/000101872426000004/amzn-20251231.htm | Note 4 p55
rou_amortization_rate,0.12438324772817068,judgment,"Proxy ROU reduction: fixed lease cost less opening liability accretion, divided by opening ROU. Forecast lease cash equals lease expense; not a reported amortization number.",https://www.sec.gov/Archives/edgar/data/1018724/000101872426000004/amzn-20251231.htm | p39 and Note 4 p55: (14006-89252*3.7%)/86054
rou_growth,0.05,judgment,Expand leased capacity more slowly than sales because the forecast cash-capex program supplies most new infrastructure.,https://www.sec.gov/Archives/edgar/data/1018724/000101872426000004/amzn-20251231.htm | p39 ROU 76141 to 86054; Note 4 p55
financing_rate,0.029,history,Reported weighted-average imputed rate for facilities financing obligations; opening balance convention.,https://www.sec.gov/Archives/edgar/data/1018724/000101872426000004/amzn-20251231.htm | Note 7 p59
financing_payments,"[577, 582, 592, 601, 612]",history,Existing financing-obligation contractual cash payments including interest; separate principal in model.,https://www.sec.gov/Archives/edgar/data/1018724/000101872426000004/amzn-20251231.htm | Note 7 p59 contractual commitments table FY2026-30
new_financing_obligations,0,judgment,No additional build-to-suit financing obligations forecast; new investment is cash-funded or explicitly finance-leased.,https://www.sec.gov/Archives/edgar/data/1018724/000101872426000004/amzn-20251231.htm | Note 7 p59 existing obligations; no forecast commitment invented
debt_net_change,"[64246, 25000, 0, 0, 0]",judgment,"Carry observed H1 2026 net issuance into 2026; issue $25bn additional term debt in 2027 to fund planned infrastructure, then refinance maturities without net growth. This finite funding assumption is below H1 2026 net issuance but requires market access; cash proceeds approximate carrying changes, excluding FX/discount.",https://www.sec.gov/Archives/edgar/data/1018724/000101872426000026/amzn-20260630.htm | p3 six-month proceeds 66998 minus repayments 2752; Note 5 debt; 2027 amount is analyst judgment
securities_liquidity_floor,0,judgment,Sell liquid marketable securities at book value as needed before drawing the revolver; no sale gains or losses assumed. Do not liquidate private strategic holdings in other assets.,"https://www.sec.gov/Archives/edgar/data/1018724/000101872426000004/amzn-20251231.htm | p39 marketable securities36219; Note 2 Cash, Cash Equivalents, and Marketable Securities"
debt_rate,0.045,judgment,Blended financing rate within the disclosed new/legacy note rates; charge average term debt to include first-year issuance.,https://www.sec.gov/Archives/edgar/data/1018724/000101872426000026/amzn-20260630.htm | Note 5 Debt; FY2025 Note 6 effective rates span roughly 1.1%-5.6%
cash_yield,0.03,judgment,"Modest return on opening cash and marketable securities, below FY2025 interest-income yield; no investment revaluation gains assumed.",https://www.sec.gov/Archives/edgar/data/1018724/000101872426000004/amzn-20251231.htm | p37 interest income 4381; p39 cash+securities 123029
other_income,0,judgment,Do not repeat investment mark-up gains as recurring earnings; FY2025 other income was 15229.,https://www.sec.gov/Archives/edgar/data/1018724/000101872426000004/amzn-20251231.htm | p37; Note 1 Investments
other_balance_growth,0,judgment,"Hold goodwill, other assets, and residual long-term liabilities constant; content/intangible replacement spending equals amortization embedded in expenses. Excludes new strategic investments and fair-value changes.","https://www.sec.gov/Archives/edgar/data/1018724/000101872426000004/amzn-20251231.htm | p39; Notes 1,5; latest Q2 investment purchases show this is a material limitation"
cash_settled_compensation,true,judgment,Treat future employee stock-compensation expense already inside operating costs as cash replacement compensation; no SBC addback or new shares. This prevents free dilution benefits but is not actual Amazon compensation policy.,https://www.sec.gov/Archives/edgar/data/1018724/000101872426000004/amzn-20251231.htm | p36 SBC19467; Note 8 stock awards
distributions,0,judgment,Retain cash during infrastructure expansion; no dividends or repurchases forecast. Existing shares remain fixed under the cash-compensation convention.,https://www.sec.gov/Archives/edgar/data/1018724/000101872426000004/amzn-20251231.htm | Note 8 p62 no 2023-25 repurchases; latest Q2 Note 6 no H1 repurchases
minimum_cash,25000,judgment,Maintain a $25bn unrestricted operating buffer rather than ABG's cash-light dealer assumption; below audited $86.8bn cash but not zero.,"https://www.sec.gov/Archives/edgar/data/1018724/000101872426000004/amzn-20251231.htm | p39 cash 86810; Item 7 liquidity risks; analyst scenario, not company guidance"
revolver_limit,15000,judgment,"Use only the disclosed $15bn committed facility; assume renewal after Nov2028, no unlimited lender funding.",https://www.sec.gov/Archives/edgar/data/1018724/000101872426000004/amzn-20251231.htm | Note 6 p59 $15bn facility; renewal remains a forecast judgment
revolver_rate,0.055,judgment,"Round stressed funding cost; charge opening balances, assume draws/repayments at year-end to avoid circularity.","https://www.sec.gov/Archives/edgar/data/1018724/000101872426000004/amzn-20251231.htm | Note 6 benchmark plus 0.45%; 5.5% is a scenario, not observed SOFR"
cost_of_equity,0.1,judgment,Require a round 10% equity return for uncertain cash conversion; test 9%-11%. This is not a claimed CAPM estimate or copied ABG calibration.,https://www.sec.gov/Archives/edgar/data/1018724/000101872426000004/amzn-20251231.htm | Item 1A business/investment risk; analyst required-return judgment
terminal_growth,0.025,judgment,Use restrained perpetual growth below the equity discount rate; only allow terminal value if sustainable FCFE is positive.,"https://www.sec.gov/Archives/edgar/data/1018724/000101872426000004/amzn-20251231.htm | Item 1A risks; long-run scenario, not management guidance"
shares,10786.313572,fact,"Latest 10-Q cover common shares outstanding on July22 2026, converted to millions; fixed denominator also used for price-times-shares comparison.",https://www.sec.gov/Archives/edgar/data/1018724/000101872426000026/amzn-20260630.htm | cover: 10786313572 / 1000000
market_price,249.38,fact,"Regular-session close, September24 2026 16:00 EDT (UTC-4); retrieved September24 2026 20:47:04 UTC. After-hours quote also visible but not the selected observation.",https://stockanalysis.com/stocks/amzn/ | quote header
first_year,2026,fact,"Five full annual forecasts begin after latest audited year-end; valuation date convention is December31 2025, not a September2026 stub-period valuation.",Official Lab10 and audited FY2025 opening sheet
last_year,2030,fact,Five years; year-end discounting.,Official Lab10
days_per_year,365,fact,Calendar-day inventory ratio convention.,Definition
positive_only,true,fact,Official Lab10 requires value only what is positive when FCFE is negative; cash statements still retain every negative flow.,"Official Lab10 lines39-41; explicit course convention, not full signed-FCFE intrinsic value"
